,type,capital-common-countries,capital-world,currency,city-in-state,family,gram1-adjective-to-adverb,gram2-opposite,gram3-comparative,gram4-superlative,gram5-present-participle,gram6-nationality-adjective,gram7-past-tense,gram8-plural,gram9-plural-verbs,total
0,correct,4.945054945054945,0.6369426751592357,0.0,0.19455252918287938,45.95238095238095,3.4482758620689653,5.6923076923076925,36.42857142857142,14.417989417989418,27.70935960591133,4.033092037228542,22.22222222222222,15.053763440860216,39.31623931623932,18.920908708456036
1,incorrect,95.05494505494505,99.36305732484077,100.0,99.80544747081711,54.047619047619044,96.55172413793103,94.3076923076923,63.57142857142857,85.58201058201058,72.29064039408867,95.96690796277146,77.77777777777779,84.94623655913979,60.68376068376068,81.07909129154396
